<?xml version="1.0" encoding="UTF-8" ?>

<!--

    Licensed to the Apache Software Foundation (ASF) under one
    or more contributor license agreements.  See the NOTICE file
    distributed with this work for additional information
    regarding copyright ownership.  The ASF licenses this file
    to you under the Apache License, Version 2.0 (the
    "License"); you may not use this file except in compliance
    with the License.  You may obtain a copy of the License at

      http://www.apache.org/licenses/LICENSE-2.0

    Unless required by applicable law or agreed to in writing,
    software distributed under the License is distributed on an
    "AS IS" BASIS, WITHOUT WARRANTIES OR CONDITIONS OF ANY
    KIND, either express or implied.  See the License for the
    specific language governing permissions and limitations
    under the License.

-->

<!DOCTYPE struts-config PUBLIC
"-//Apache Software Foundation//DTD Struts Configuration 1.1//EN"
"http://jakarta.apache.org/struts/dtds/struts-config_1_1.dtd">

<struts-config>

<!-- Form Beans Configuration -->
<form-beans>
<form-bean name="searchForm" type="com.SearchForm"/>
</form-beans>

<form-beans>
<form-bean name="commentForm" type="org.apache.struts.validator.DynaValidatorForm">
<form-property name="userID" type="java.lang.String"/>
<form-property name="last" type="java.lang.String"/>
<form-property name="country" type="java.lang.String"/>
<form-property name="email" type="java.lang.String"/>
<form-property name="shareEmail" type="java.lang.String"/>
<form-property name="zipCode" type="java.lang.String"/>
<form-property name="phone" type="java.lang.String"/>
</form-bean>
</form-beans>

<!-- Global Forwards Configuration -->
<global-forwards>
<forward name="search" path="/search.jsp"/>
</global-forwards>


<!-- Action Mappings Configuration -->
<action-mappings>
<action path="/search"
type="com.SearchAction"
name="searchForm"
scope="request"
validate="true"
input="/search.jsp">
</action>
</action-mappings>

<!-- Message Resources Configuration -->
<message-resources parameter="com.ApplicationResources"/>

<!-- Validator Configuration -->
<plug-in
className="org.apache.struts.validator.ValidatorPlugIn">
<set-property property="pathnames"
value="/WEB-INF/validator-rules.xml,
/WEB-INF/validation.xml"/>
</plug-in>

</struts-config>
