<?xml version="1.0" encoding="UTF-8"?>
<project-private xmlns="http://www.netbeans.org/ns/project-private/1">
    <editor-bookmarks xmlns="http://www.netbeans.org/ns/editor-bookmarks/2" lastBookmarkId="0"/>
    <open-files xmlns="http://www.netbeans.org/ns/projectui-open-files/2">
        <group>
            <file>file:/D:/Lập%20trình%20Java%20nâng%20cao/Lab%203/AdvancedJSP/web/Bai1/welcome.jsp</file>
            <file>file:/D:/Lập%20trình%20Java%20nâng%20cao/Lab%203/AdvancedJSP/web/Bai1/form.jsp</file>
            <file>file:/D:/Lập%20trình%20Java%20nâng%20cao/Lab%203/AdvancedJSP/web/Bai3/Details.jsp</file>
            <file>file:/D:/Lập%20trình%20Java%20nâng%20cao/Lab%203/AdvancedJSP/web/Bai11/acclosure.jsp</file>
            <file>file:/D:/Lập%20trình%20Java%20nâng%20cao/Lab%203/AdvancedJSP/web/Bai9/Insert.jsp</file>
            <file>file:/D:/Lập%20trình%20Java%20nâng%20cao/Lab%203/AdvancedJSP/web/Bai11/home.jsp</file>
            <file>file:/D:/Lập%20trình%20Java%20nâng%20cao/Lab%203/AdvancedJSP/web/Bai1/include.jsp</file>
            <file>file:/D:/Lập%20trình%20Java%20nâng%20cao/Lab%203/AdvancedJSP/web/Bai10/Delete.jsp</file>
            <file>file:/D:/Lập%20trình%20Java%20nâng%20cao/Lab%203/AdvancedJSP/web/META-INF/Exception.jsp</file>
            <file>file:/D:/Lập%20trình%20Java%20nâng%20cao/Lab%203/AdvancedJSP/web/Bai2/Example.jsp</file>
            <file>file:/D:/Lập%20trình%20Java%20nâng%20cao/Lab%203/AdvancedJSP/src/java/bai11/MainServlet.java</file>
            <file>file:/D:/Lập%20trình%20Java%20nâng%20cao/Lab%203/AdvancedJSP/web/Bai11/chq.jsp</file>
            <file>file:/D:/Lập%20trình%20Java%20nâng%20cao/Lab%203/AdvancedJSP/web/Bai9/Details.jsp</file>
            <file>file:/D:/Lập%20trình%20Java%20nâng%20cao/Lab%203/AdvancedJSP/web/Bai8/success.jsp</file>
            <file>file:/D:/Lập%20trình%20Java%20nâng%20cao/Lab%203/AdvancedJSP/web/Bai10/Main.jsp</file>
            <file>file:/D:/Lập%20trình%20Java%20nâng%20cao/Lab%203/AdvancedJSP/src/java/login/login.java</file>
        </group>
    </open-files>
</project-private>
