<?xml version="1.0" encoding="UTF-8"?>
<project-private xmlns="http://www.netbeans.org/ns/project-private/1">
    <editor-bookmarks xmlns="http://www.netbeans.org/ns/editor-bookmarks/2" lastBookmarkId="0"/>
    <open-files xmlns="http://www.netbeans.org/ns/projectui-open-files/2">
        <group>
            <file>file:/D:/Lập%20trình%20Java%20nâng%20cao/1911162_MaiThanhLam_Lab05/web/LabGuide05/02/footer.jsp</file>
            <file>file:/D:/Lập%20trình%20Java%20nâng%20cao/1911162_MaiThanhLam_Lab05/web/LabGuide05/02/layout.jsp</file>
            <file>file:/D:/Lập%20trình%20Java%20nâng%20cao/1911162_MaiThanhLam_Lab05/web/LabGuide05/01/menu.jsp</file>
            <file>file:/D:/Lập%20trình%20Java%20nâng%20cao/1911162_MaiThanhLam_Lab05/web/LabGuide05/02/body.jsp</file>
            <file>file:/D:/Lập%20trình%20Java%20nâng%20cao/1911162_MaiThanhLam_Lab05/web/LabGuide04/02/thankyou.jsp</file>
            <file>file:/D:/Lập%20trình%20Java%20nâng%20cao/1911162_MaiThanhLam_Lab05/web/LabGuide05/02/header.jsp</file>
            <file>file:/D:/Lập%20trình%20Java%20nâng%20cao/1911162_MaiThanhLam_Lab05/web/LabGuide04/02/index.jsp</file>
            <file>file:/D:/Lập%20trình%20Java%20nâng%20cao/1911162_MaiThanhLam_Lab05/web/LabGuide04/01/index.jsp</file>
            <file>file:/D:/Lập%20trình%20Java%20nâng%20cao/1911162_MaiThanhLam_Lab05/web/LabGuide04/01/search.jsp</file>
            <file>file:/D:/Lập%20trình%20Java%20nâng%20cao/1911162_MaiThanhLam_Lab05/web/LabGuide03/01/index.jsp</file>
            <file>file:/D:/Lập%20trình%20Java%20nâng%20cao/1911162_MaiThanhLam_Lab05/web/index.jsp</file>
            <file>file:/D:/Lập%20trình%20Java%20nâng%20cao/1911162_MaiThanhLam_Lab05/web/LabGuide04/02/submitcomment.jsp</file>
            <file>file:/D:/Lập%20trình%20Java%20nâng%20cao/1911162_MaiThanhLam_Lab05/web/LabGuide05/01/header.jsp</file>
            <file>file:/D:/Lập%20trình%20Java%20nâng%20cao/1911162_MaiThanhLam_Lab05/web/LabGuide05/01/main.jsp</file>
            <file>file:/D:/Lập%20trình%20Java%20nâng%20cao/1911162_MaiThanhLam_Lab05/web/welcomeStruts.jsp</file>
            <file>file:/D:/Lập%20trình%20Java%20nâng%20cao/1911162_MaiThanhLam_Lab05/web/LabGuide05/01/layout.jsp</file>
            <file>file:/D:/Lập%20trình%20Java%20nâng%20cao/1911162_MaiThanhLam_Lab05/web/LabGuide05/01/body.jsp</file>
            <file>file:/D:/Lập%20trình%20Java%20nâng%20cao/1911162_MaiThanhLam_Lab05/web/LabGuide03/01/display.jsp</file>
        </group>
    </open-files>
</project-private>
