<?xml version="1.0" encoding="UTF-8"?>
<project-private xmlns="http://www.netbeans.org/ns/project-private/1">
    <editor-bookmarks xmlns="http://www.netbeans.org/ns/editor-bookmarks/2" lastBookmarkId="0"/>
    <open-files xmlns="http://www.netbeans.org/ns/projectui-open-files/2">
        <group>
            <file>file:/D:/Lập%20trình%20Java%20nâng%20cao/Lab%204/MVC/src/java/Models/MBook.java</file>
            <file>file:/D:/Lập%20trình%20Java%20nâng%20cao/Lab%204/MVC/web/Views/showCards.jsp</file>
            <file>file:/D:/Lập%20trình%20Java%20nâng%20cao/Lab%204/MVC/src/java/Models/Book.java</file>
            <file>file:/D:/Lập%20trình%20Java%20nâng%20cao/Lab%204/MVC/src/java/Controllers/CAddBook.java</file>
            <file>file:/D:/Lập%20trình%20Java%20nâng%20cao/Lab%204/MVC/web/Views/AddItems.jsp</file>
            <file>file:/D:/Lập%20trình%20Java%20nâng%20cao/Lab%204/MVC/web/index.html</file>
            <file>file:/D:/Lập%20trình%20Java%20nâng%20cao/Lab%204/MVC/src/java/Controllers/CRemoveBook.java</file>
        </group>
    </open-files>
</project-private>
